id	repository	method	param	isCritical	createdAt
10	OrderRepositoryImpl	createOrderWithItems	{"order":{"id":null,"userId":43,"status":1,"deliveryDatetime":"2026-06-30T10:43:16.625420","paymentDatetime":null,"discountValue":0,"subTotal":15000,"total":15000,"note":"","createdAt":"2026-06-30T10:43:32.001386","updatedAt":"2026-06-30T10:43:32.001412"},"items":[{"id":null,"orderId":49,"productId":3,"snapshotName":"Bánh bao xá xíu/trứng sữa","snapshotPrice":15000,"quantity":1,"lineTotal":15000,"createdAt":"2026-06-30T10:43:32.001427","updatedAt":"2026-06-30T10:43:32.001430"}]}	1	2026-06-30T10:43:32.011056
17	OrderRepositoryImpl	updateOrderWithItems	{"order":{"id":28,"userId":25,"status":1,"deliveryDatetime":"2026-06-29T07:31:58.902125","paymentDatetime":null,"discountValue":0,"subTotal":66000,"total":66000,"note":"","createdAt":"2026-06-29T07:51:55.996033","updatedAt":"2026-06-29T07:51:55.996052"},"items":[{"id":46,"orderId":28,"productId":3,"snapshotName":"Bánh bao xá xíu/trứng sữa","snapshotPrice":15000,"quantity":2,"lineTotal":30000,"createdAt":"2026-06-29T07:51:55.996060","updatedAt":"2026-06-29T07:51:55.996063"},{"id":47,"orderId":28,"productId":2,"snapshotName":"Bánh bao thịt trứng","snapshotPrice":12000,"quantity":3,"lineTotal":36000,"createdAt":"2026-06-29T07:51:55.996066","updatedAt":"2026-06-29T07:51:55.996073"}]}	1	2026-06-29T07:51:56.017267
20	ProductRepositoryImpl	updateProduct	{"id":2,"categoryId":1,"name":"Bánh bao thịt trứng","imageUrl":"","price":12000,"description":"","createdAt":"2026-06-29T06:05:56.020743","updatedAt":"2026-06-29T06:05:56.020763"}	1	2026-06-29T06:05:56.020816
29	OrderRepositoryImpl	createOrderWithItems	{"order":{"id":null,"userId":25,"status":1,"deliveryDatetime":"2026-06-29T07:31:58.902125","paymentDatetime":null,"discountValue":0,"subTotal":54000,"total":54000,"note":"","createdAt":"2026-06-29T07:32:18.020340","updatedAt":"2026-06-29T07:32:18.020362"},"items":[{"id":null,"orderId":28,"productId":3,"snapshotName":"Bánh bao xá xíu/trứng sữa","snapshotPrice":15000,"quantity":2,"lineTotal":30000,"createdAt":"2026-06-29T07:32:18.020371","updatedAt":"2026-06-29T07:32:18.020374"},{"id":null,"orderId":28,"productId":2,"snapshotName":"Bánh bao thịt trứng","snapshotPrice":12000,"quantity":2,"lineTotal":24000,"createdAt":"2026-06-29T07:32:18.020378","updatedAt":"2026-06-29T07:32:18.020383"}]}	1	2026-06-29T07:32:18.029373
39	OrderRepositoryImpl	updateOrderWithItems	{"order":{"id":47,"userId":2,"status":2,"deliveryDatetime":"2026-06-30T10:41:58.121593","paymentDatetime":null,"discountValue":0,"subTotal":52000,"total":52000,"note":"","createdAt":"2026-06-30T20:03:23.022507","updatedAt":"2026-06-30T20:03:23.022549"},"items":[{"id":73,"orderId":47,"productId":2,"snapshotName":"Bánh bao thịt trứng","snapshotPrice":12000,"quantity":1,"lineTotal":12000,"createdAt":"2026-06-30T20:03:23.022570","updatedAt":"2026-06-30T20:03:23.022580"},{"id":74,"orderId":47,"productId":6,"snapshotName":"Xôi","snapshotPrice":10000,"quantity":1,"lineTotal":10000,"createdAt":"2026-06-30T20:03:23.022589","updatedAt":"2026-06-30T20:03:23.022609"},{"id":75,"orderId":47,"productId":9,"snapshotName":"Kem zaua","snapshotPrice":3000,"quantity":10,"lineTotal":30000,"createdAt":"2026-06-30T20:03:23.022619","updatedAt":"2026-06-30T20:03:23.022628"}]}	1	2026-06-30T20:03:23.039998
47	OrderRepositoryImpl	createOrderWithItems	{"order":{"id":null,"userId":38,"status":1,"deliveryDatetime":"2026-06-30T06:06:32.228525","paymentDatetime":null,"discountValue":0,"subTotal":40000,"total":40000,"note":"","createdAt":"2026-06-30T06:06:56.024126","updatedAt":"2026-06-30T06:06:56.024172"},"items":[{"id":null,"orderId":42,"productId":3,"snapshotName":"Bánh bao xá xíu/trứng sữa","snapshotPrice":15000,"quantity":2,"lineTotal":30000,"createdAt":"2026-06-30T06:06:56.024220","updatedAt":"2026-06-30T06:06:56.024233"},{"id":null,"orderId":42,"productId":6,"snapshotName":"Xôi","snapshotPrice":10000,"quantity":1,"lineTotal":10000,"createdAt":"2026-06-30T06:06:56.024245","updatedAt":"2026-06-30T06:06:56.024270"}]}	1	2026-06-30T06:06:56.047405
48	ProductRepositoryImpl	updateProduct	{"id":4,"categoryId":null,"name":"Sữa đậu","imageUrl":"","price":7000,"description":"","createdAt":"2026-06-29T18:05:49.048212","updatedAt":"2026-06-29T18:05:49.048239"}	1	2026-06-29T18:05:49.048305
53	OrderRepositoryImpl	updateOrderWithItems	{"order":{"id":28,"userId":25,"status":1,"deliveryDatetime":"2026-06-29T07:31:58.902125","paymentDatetime":null,"discountValue":0,"subTotal":66000,"total":66000,"note":"","createdAt":"2026-06-29T07:48:20.046503","updatedAt":"2026-06-29T07:48:20.046532"},"items":[{"id":46,"orderId":28,"productId":3,"snapshotName":"Bánh bao xá xíu/trứng sữa","snapshotPrice":15000,"quantity":2,"lineTotal":30000,"createdAt":"2026-06-29T07:48:20.046541","updatedAt":"2026-06-29T07:48:20.046544"},{"id":47,"orderId":28,"productId":2,"snapshotName":"Bánh bao thịt trứng","snapshotPrice":12000,"quantity":3,"lineTotal":36000,"createdAt":"2026-06-29T07:48:20.046548","updatedAt":"2026-06-29T07:48:20.046554"}]}	1	2026-06-29T07:48:20.053749
56	OrderRepositoryImpl	createOrderWithItems	{"order":{"id":null,"userId":26,"status":1,"deliveryDatetime":"2026-06-29T07:41:15.457241","paymentDatetime":null,"discountValue":0,"subTotal":75000,"total":75000,"note":"","createdAt":"2026-06-29T07:41:27.051289","updatedAt":"2026-06-29T07:41:27.051311"},"items":[{"id":null,"orderId":29,"productId":3,"snapshotName":"Bánh bao xá xíu/trứng sữa","snapshotPrice":15000,"quantity":5,"lineTotal":75000,"createdAt":"2026-06-29T07:41:27.051319","updatedAt":"2026-06-29T07:41:27.051321"}]}	1	2026-06-29T07:41:27.056638
62	OrderRepositoryImpl	createOrderWithItems	{"order":{"id":null,"userId":51,"status":2,"deliveryDatetime":"2026-06-30T20:01:30.912554","paymentDatetime":null,"discountValue":0,"subTotal":70000,"total":70000,"note":"","createdAt":"2026-06-30T20:02:26.045405","updatedAt":"2026-06-30T20:02:26.045439"},"items":[{"id":null,"orderId":63,"productId":9,"snapshotName":"Kem zaua","snapshotPrice":3000,"quantity":10,"lineTotal":30000,"createdAt":"2026-06-30T20:02:26.045454","updatedAt":"2026-06-30T20:02:26.045460"},{"id":null,"orderId":63,"productId":5,"snapshotName":"Sữa chua uống","snapshotPrice":15000,"quantity":2,"lineTotal":30000,"createdAt":"2026-06-30T20:02:26.045467","updatedAt":"2026-06-30T20:02:26.045481"},{"id":null,"orderId":63,"productId":6,"snapshotName":"Xôi","snapshotPrice":10000,"quantity":1,"lineTotal":10000,"createdAt":"2026-06-30T20:02:26.045487","updatedAt":"2026-06-30T20:02:26.045492"}]}	1	2026-06-30T20:02:26.062806
66	OrderRepositoryImpl	updateOrderWithItems	{"order":{"id":43,"userId":40,"status":2,"deliveryDatetime":"2026-06-30T06:08:22.871349","paymentDatetime":null,"discountValue":0,"subTotal":57000,"total":57000,"note":"","createdAt":"2026-06-30T10:54:32.054789","updatedAt":"2026-06-30T10:54:32.054805"},"items":[{"id":65,"orderId":43,"productId":2,"snapshotName":"Bánh bao thịt trứng","snapshotPrice":12000,"quantity":1,"lineTotal":12000,"createdAt":"2026-06-30T10:54:32.054813","updatedAt":"2026-06-30T10:54:32.054816"},{"id":66,"orderId":43,"productId":3,"snapshotName":"Bánh bao xá xíu/trứng sữa","snapshotPrice":15000,"quantity":2,"lineTotal":30000,"createdAt":"2026-06-30T10:54:32.054819","updatedAt":"2026-06-30T10:54:32.054821"},{"id":67,"orderId":43,"productId":5,"snapshotName":"Sữa chua uống","snapshotPrice":15000,"quantity":1,"lineTotal":15000,"createdAt":"2026-06-30T10:54:32.054824","updatedAt":"2026-06-30T10:54:32.054829"}]}	1	2026-06-30T10:54:32.066148
69	OrderRepositoryImpl	createOrderWithItems	{"order":{"id":null,"userId":9,"status":2,"deliveryDatetime":"2026-06-28T07:03:02.586375","paymentDatetime":null,"discountValue":0,"subTotal":22000,"total":22000,"note":"","createdAt":"2026-06-28T07:03:39.059914","updatedAt":"2026-06-28T07:03:39.059935"},"items":[{"id":null,"orderId":11,"productId":3,"snapshotName":"Bánh bao xá xíu/trứng sữa","snapshotPrice":15000,"quantity":1,"lineTotal":15000,"createdAt":"2026-06-28T07:03:39.059944","updatedAt":"2026-06-28T07:03:39.059947"},{"id":null,"orderId":11,"productId":4,"snapshotName":"sữa đậu","snapshotPrice":7000,"quantity":1,"lineTotal":7000,"createdAt":"2026-06-28T07:03:39.059950","updatedAt":"2026-06-28T07:03:39.059957"}]}	1	2026-06-28T07:03:39.069445
80	OrderRepositoryImpl	createOrderWithItems	{"order":{"id":null,"userId":16,"status":1,"deliveryDatetime":"2026-06-29T01:33:15.487","paymentDatetime":null,"discountValue":0,"subTotal":30000,"total":30000,"note":"","createdAt":"2026-06-29T01:33:31.066336","updatedAt":"2026-06-29T01:33:31.066366"},"items":[{"id":null,"orderId":16,"productId":3,"snapshotName":"Bánh bao xá xíu/trứng sữa","snapshotPrice":15000,"quantity":2,"lineTotal":30000,"createdAt":"2026-06-29T01:33:31.066379","updatedAt":"2026-06-29T01:33:31.066385"}]}	1	2026-06-29T01:33:31.080894
82	OrderRepositoryImpl	updateOrderWithItems	{"order":{"id":36,"userId":34,"status":2,"deliveryDatetime":"2026-06-29T08:47:37.975586","paymentDatetime":null,"discountValue":0,"subTotal":7000,"total":7000,"note":"","createdAt":"2026-06-29T09:03:22.077887","updatedAt":"2026-06-29T09:03:22.077909"},"items":[{"id":57,"orderId":36,"productId":4,"snapshotName":"sữa đậu","snapshotPrice":7000,"quantity":1,"lineTotal":7000,"createdAt":"2026-06-29T09:03:22.077918","updatedAt":"2026-06-29T09:03:22.077921"}]}	1	2026-06-29T09:03:22.082658
88	OrderRepositoryImpl	updateOrderWithItems	{"order":{"id":31,"userId":28,"status":2,"deliveryDatetime":"2026-06-29T07:42:54.676219","paymentDatetime":null,"discountValue":0,"subTotal":15000,"total":15000,"note":"","createdAt":"2026-06-29T19:49:34.081969","updatedAt":"2026-06-29T19:49:34.081993"},"items":[{"id":50,"orderId":31,"productId":3,"snapshotName":"Bánh bao xá xíu/trứng sữa","snapshotPrice":15000,"quantity":1,"lineTotal":15000,"createdAt":"2026-06-29T19:49:34.082006","updatedAt":"2026-06-29T19:49:34.082009"}]}	1	2026-06-29T19:49:34.088623
98	OrderRepositoryImpl	createOrderWithItems	{"order":{"id":null,"userId":31,"status":1,"deliveryDatetime":"2026-06-29T07:52:29.756339","paymentDatetime":null,"discountValue":0,"subTotal":30000,"total":30000,"note":"","createdAt":"2026-06-29T07:52:41.089181","updatedAt":"2026-06-29T07:52:41.089204"},"items":[{"id":null,"orderId":33,"productId":3,"snapshotName":"Bánh bao xá xíu/trứng sữa","snapshotPrice":15000,"quantity":2,"lineTotal":30000,"createdAt":"2026-06-29T07:52:41.089214","updatedAt":"2026-06-29T07:52:41.089221"}]}	1	2026-06-29T07:52:41.098187
101	OrderRepositoryImpl	updateOrderWithItems	{"order":{"id":25,"userId":23,"status":2,"deliveryDatetime":"2026-06-29T06:28:30.060909","paymentDatetime":null,"discountValue":0,"subTotal":76000,"total":76000,"note":"","createdAt":"2026-06-29T09:03:17.095812","updatedAt":"2026-06-29T09:03:17.095838"},"items":[{"id":38,"orderId":25,"productId":3,"snapshotName":"Bánh bao xá xíu/trứng sữa","snapshotPrice":15000,"quantity":3,"lineTotal":45000,"createdAt":"2026-06-29T09:03:17.095848","updatedAt":"2026-06-29T09:03:17.095851"},{"id":39,"orderId":25,"productId":2,"snapshotName":"Bánh bao thịt trứng","snapshotPrice":12000,"quantity":2,"lineTotal":24000,"createdAt":"2026-06-29T09:03:17.095855","updatedAt":"2026-06-29T09:03:17.095861"},{"id":40,"orderId":25,"productId":4,"snapshotName":"sữa đậu","snapshotPrice":7000,"quantity":1,"lineTotal":7000,"createdAt":"2026-06-29T09:03:17.095864","updatedAt":"2026-06-29T09:03:17.095867"}]}	1	2026-06-29T09:03:17.101856
109	OrderRepositoryImpl	createOrderWithItems	{"order":{"id":null,"userId":5,"status":1,"deliveryDatetime":"2026-06-29T07:19:29.192788","paymentDatetime":null,"discountValue":0,"subTotal":48000,"total":48000,"note":"","createdAt":"2026-06-29T07:20:24.091820","updatedAt":"2026-06-29T07:20:24.091842"},"items":[{"id":null,"orderId":26,"productId":3,"snapshotName":"Bánh bao xá xíu/trứng sữa","snapshotPrice":15000,"quantity":1,"lineTotal":15000,"createdAt":"2026-06-29T07:20:24.091855","updatedAt":"2026-06-29T07:20:24.091858"},{"id":null,"orderId":26,"productId":2,"snapshotName":"Bánh bao thịt trứng","snapshotPrice":12000,"quantity":1,"lineTotal":12000,"createdAt":"2026-06-29T07:20:24.091861","updatedAt":"2026-06-29T07:20:24.091863"},{"id":null,"orderId":26,"productId":4,"snapshotName":"sữa đậu","snapshotPrice":7000,"quantity":3,"lineTotal":21000,"createdAt":"2026-06-29T07:20:24.091866","updatedAt":"2026-06-29T07:20:24.091868"}]}	1	2026-06-29T07:20:24.109824
117	OrderRepositoryImpl	createOrderWithItems	{"order":{"id":null,"userId":7,"status":1,"deliveryDatetime":"2026-06-28T06:59:10.246352","paymentDatetime":null,"discountValue":0,"subTotal":22000,"total":22000,"note":"","createdAt":"2026-06-28T06:59:25.108599","updatedAt":"2026-06-28T06:59:25.108627"},"items":[{"id":null,"orderId":9,"productId":3,"snapshotName":"Bánh bao xá xíu/trứng sữa","snapshotPrice":15000,"quantity":1,"lineTotal":15000,"createdAt":"2026-06-28T06:59:25.108637","updatedAt":"2026-06-28T06:59:25.108645"},{"id":null,"orderId":9,"productId":4,"snapshotName":"sữa đậu","snapshotPrice":7000,"quantity":1,"lineTotal":7000,"createdAt":"2026-06-28T06:59:25.108648","updatedAt":"2026-06-28T06:59:25.108651"}]}	1	2026-06-28T06:59:25.117944
129	OrderRepositoryImpl	updateStatusOrder	{"id":19,"status":3}	1	2026-06-29T01:40:15.129419
135	OrderRepositoryImpl	createOrderWithItems	{"order":{"id":null,"userId":42,"status":1,"deliveryDatetime":"2026-06-30T10:41:06.722200","paymentDatetime":null,"discountValue":0,"subTotal":36000,"total":36000,"note":"","createdAt":"2026-06-30T10:41:20.120105","updatedAt":"2026-06-30T10:41:20.120125"},"items":[{"id":null,"orderId":45,"productId":2,"snapshotName":"Bánh bao thịt trứng","snapshotPrice":12000,"quantity":3,"lineTotal":36000,"createdAt":"2026-06-30T10:41:20.120162","updatedAt":"2026-06-30T10:41:20.120165"}]}	1	2026-06-30T10:41:20.135981
152	ProductRepositoryImpl	createProduct	{"id":null,"categoryId":null,"name":"kem zaua","imageUrl":"","price":3000,"description":"","createdAt":"2026-06-28T15:59:53.146840","updatedAt":"2026-06-28T15:59:53.146867"}	1	2026-06-28T15:59:53.152410
153	OrderRepositoryImpl	updateOrderWithItems	{"order":{"id":23,"userId":22,"status":2,"deliveryDatetime":"2026-06-29T06:13:07.067382","paymentDatetime":null,"discountValue":0,"subTotal":34000,"total":34000,"note":"","createdAt":"2026-06-29T21:00:44.143709","updatedAt":"2026-06-29T21:00:44.143733"},"items":[{"id":35,"orderId":23,"productId":6,"snapshotName":"Xôi","snapshotPrice":10000,"quantity":2,"lineTotal":20000,"createdAt":"2026-06-29T21:00:44.143742","updatedAt":"2026-06-29T21:00:44.143745"},{"id":36,"orderId":23,"productId":4,"snapshotName":"Sữa đậu","snapshotPrice":7000,"quantity":2,"lineTotal":14000,"createdAt":"2026-06-29T21:00:44.143748","updatedAt":"2026-06-29T21:00:44.143750"}]}	1	2026-06-29T21:00:44.154021
154	OrderRepositoryImpl	createOrderWithItems	{"order":{"id":null,"userId":35,"status":1,"deliveryDatetime":"2026-06-29T09:12:59.694239","paymentDatetime":null,"discountValue":0,"subTotal":30000,"total":30000,"note":"","createdAt":"2026-06-29T09:13:13.136821","updatedAt":"2026-06-29T09:13:13.136841"},"items":[{"id":null,"orderId":37,"productId":3,"snapshotName":"Bánh bao xá xíu/trứng sữa","snapshotPrice":15000,"quantity":2,"lineTotal":30000,"createdAt":"2026-06-29T09:13:13.136853","updatedAt":"2026-06-29T09:13:13.136856"}]}	1	2026-06-29T09:13:13.154977
160	OrderRepositoryImpl	updateOrderWithItems	{"order":{"id":9,"userId":7,"status":2,"deliveryDatetime":"2026-06-28T06:59:10.246352","paymentDatetime":null,"discountValue":0,"subTotal":22000,"total":22000,"note":"","createdAt":"2026-06-28T07:06:05.149313","updatedAt":"2026-06-28T07:06:05.149334"},"items":[{"id":13,"orderId":9,"productId":3,"snapshotName":"Bánh bao xá xíu/trứng sữa","snapshotPrice":15000,"quantity":1,"lineTotal":15000,"createdAt":"2026-06-28T07:06:05.149343","updatedAt":"2026-06-28T07:06:05.149351"},{"id":14,"orderId":9,"productId":4,"snapshotName":"sữa đậu","snapshotPrice":7000,"quantity":1,"lineTotal":7000,"createdAt":"2026-06-28T07:06:05.149354","updatedAt":"2026-06-28T07:06:05.149357"}]}	1	2026-06-28T07:06:05.160187
166	OrderRepositoryImpl	createOrderWithItems	{"order":{"id":null,"userId":13,"status":1,"deliveryDatetime":"2026-06-28T07:57:15.743669","paymentDatetime":null,"discountValue":0,"subTotal":37000,"total":37000,"note":"","createdAt":"2026-06-28T07:57:33.161920","updatedAt":"2026-06-28T07:57:33.161939"},"items":[{"id":null,"orderId":14,"productId":3,"snapshotName":"Bánh bao xá xíu/trứng sữa","snapshotPrice":15000,"quantity":2,"lineTotal":30000,"createdAt":"2026-06-28T07:57:33.161947","updatedAt":"2026-06-28T07:57:33.161950"},{"id":null,"orderId":14,"productId":4,"snapshotName":"sữa đậu","snapshotPrice":7000,"quantity":1,"lineTotal":7000,"createdAt":"2026-06-28T07:57:33.161953","updatedAt":"2026-06-28T07:57:33.161955"}]}	1	2026-06-28T07:57:33.166352
175	OrderRepositoryImpl	createOrderWithItems	{"order":{"id":null,"userId":19,"status":1,"deliveryDatetime":"2026-06-30T10:42:35.409427","paymentDatetime":null,"discountValue":0,"subTotal":24000,"total":24000,"note":"","createdAt":"2026-06-30T10:42:44.160737","updatedAt":"2026-06-30T10:42:44.160791"},"items":[{"id":null,"orderId":48,"productId":2,"snapshotName":"Bánh bao thịt trứng","snapshotPrice":12000,"quantity":2,"lineTotal":24000,"createdAt":"2026-06-30T10:42:44.160817","updatedAt":"2026-06-30T10:42:44.160828"}]}	1	2026-06-30T10:42:44.175578
199	OrderRepositoryImpl	createOrderWithItems	{"order":{"id":null,"userId":5,"status":1,"deliveryDatetime":"2026-06-28T06:57:05.453619","paymentDatetime":null,"discountValue":0,"subTotal":46000,"total":46000,"note":"","createdAt":"2026-06-28T06:57:38.183648","updatedAt":"2026-06-28T06:57:38.183678"},"items":[{"id":null,"orderId":7,"productId":3,"snapshotName":"Bánh bao xá xíu/trứng sữa","snapshotPrice":15000,"quantity":1,"lineTotal":15000,"createdAt":"2026-06-28T06:57:38.183692","updatedAt":"2026-06-28T06:57:38.183698"},{"id":null,"orderId":7,"productId":6,"snapshotName":"xôi","snapshotPrice":10000,"quantity":1,"lineTotal":10000,"createdAt":"2026-06-28T06:57:38.183711","updatedAt":"2026-06-28T06:57:38.183716"},{"id":null,"orderId":7,"productId":4,"snapshotName":"sữa đậu","snapshotPrice":7000,"quantity":3,"lineTotal":21000,"createdAt":"2026-06-28T06:57:38.183722","updatedAt":"2026-06-28T06:57:38.183728"}]}	1	2026-06-28T06:57:38.200144
203	ProductRepositoryImpl	createProduct	{"id":null,"categoryId":null,"name":"Món mới thêm","imageUrl":"","price":10000,"description":"","createdAt":"2026-06-30T23:22:04.197196","updatedAt":"2026-06-30T23:22:04.197217"}	1	2026-06-30T23:22:04.203496
206	OrderRepositoryImpl	createOrderWithItems	{"order":{"id":null,"userId":40,"status":1,"deliveryDatetime":"2026-06-30T06:08:22.871349","paymentDatetime":null,"discountValue":0,"subTotal":57000,"total":57000,"note":"","createdAt":"2026-06-30T06:08:42.197035","updatedAt":"2026-06-30T06:08:42.197057"},"items":[{"id":null,"orderId":43,"productId":2,"snapshotName":"Bánh bao thịt trứng","snapshotPrice":12000,"quantity":1,"lineTotal":12000,"createdAt":"2026-06-30T06:08:42.197069","updatedAt":"2026-06-30T06:08:42.197073"},{"id":null,"orderId":43,"productId":3,"snapshotName":"Bánh bao xá xíu/trứng sữa","snapshotPrice":15000,"quantity":2,"lineTotal":30000,"createdAt":"2026-06-30T06:08:42.197076","updatedAt":"2026-06-30T06:08:42.197079"},{"id":null,"orderId":43,"productId":5,"snapshotName":"Sữa chua uống","snapshotPrice":15000,"quantity":1,"lineTotal":15000,"createdAt":"2026-06-30T06:08:42.197082","updatedAt":"2026-06-30T06:08:42.197085"}]}	1	2026-06-30T06:08:42.206785
217	OrderRepositoryImpl	createOrderWithItems	{"order":{"id":null,"userId":6,"status":2,"deliveryDatetime":"2026-06-29T06:13:47.478404","paymentDatetime":null,"discountValue":0,"subTotal":15000,"total":15000,"note":"","createdAt":"2026-06-29T06:14:11.208486","updatedAt":"2026-06-29T06:14:11.208506"},"items":[{"id":null,"orderId":24,"productId":3,"snapshotName":"Bánh bao xá xíu/trứng sữa","snapshotPrice":15000,"quantity":1,"lineTotal":15000,"createdAt":"2026-06-29T06:14:11.208513","updatedAt":"2026-06-29T06:14:11.208516"}]}	1	2026-06-29T06:14:11.217289
218	ProductRepositoryImpl	updateProduct	{"id":10,"categoryId":null,"name":"Yến chưng 40k","imageUrl":"","price":40000,"description":"","createdAt":"2026-06-30T23:21:41.218313","updatedAt":"2026-06-30T23:21:41.218326"}	1	2026-06-30T23:21:41.218405
224	OrderRepositoryImpl	createOrderWithItems	{"order":{"id":null,"userId":2,"status":1,"deliveryDatetime":"2026-06-27T14:27:56.323955","paymentDatetime":null,"discountValue":0,"subTotal":10000,"total":10000,"note":"","createdAt":"2026-06-27T14:28:10.214322","updatedAt":"2026-06-27T14:28:10.214344"},"items":[{"id":null,"orderId":4,"productId":1,"snapshotName":"Bánh bao không nhân","snapshotPrice":5000,"quantity":2,"lineTotal":10000,"createdAt":"2026-06-27T14:28:10.214357","updatedAt":"2026-06-27T14:28:10.214360"}]}	1	2026-06-27T14:28:10.224242
231	OrderRepositoryImpl	createOrderWithItems	{"order":{"id":null,"userId":24,"status":1,"deliveryDatetime":"2026-06-30T10:43:36.792200","paymentDatetime":null,"discountValue":0,"subTotal":19000,"total":19000,"note":"","createdAt":"2026-06-30T10:44:56.221419","updatedAt":"2026-06-30T10:44:56.221444"},"items":[{"id":null,"orderId":50,"productId":2,"snapshotName":"Bánh bao thịt trứng","snapshotPrice":12000,"quantity":1,"lineTotal":12000,"createdAt":"2026-06-30T10:44:56.221452","updatedAt":"2026-06-30T10:44:56.221455"},{"id":null,"orderId":50,"productId":4,"snapshotName":"Sữa đậu","snapshotPrice":7000,"quantity":1,"lineTotal":7000,"createdAt":"2026-06-30T10:44:56.221458","updatedAt":"2026-06-30T10:44:56.221460"}]}	1	2026-06-30T10:44:56.231323
232	OrderRepositoryImpl	createOrderWithItems	{"order":{"id":null,"userId":18,"status":2,"deliveryDatetime":"2026-06-29T01:35:42.524804","paymentDatetime":null,"discountValue":0,"subTotal":75000,"total":75000,"note":"","createdAt":"2026-06-29T01:36:01.224429","updatedAt":"2026-06-29T01:36:01.224448"},"items":[{"id":null,"orderId":18,"productId":3,"snapshotName":"Bánh bao xá xíu/trứng sữa","snapshotPrice":15000,"quantity":5,"lineTotal":75000,"createdAt":"2026-06-29T01:36:01.224455","updatedAt":"2026-06-29T01:36:01.224458"}]}	1	2026-06-29T01:36:01.232984
237	OrderRepositoryImpl	updateStatusOrder	{"id":4,"status":2}	1	2026-06-27T14:28:50.237206
255	OrderRepositoryImpl	updateOrderWithItems	{"order":{"id":33,"userId":31,"status":2,"deliveryDatetime":"2026-06-29T07:52:29.756339","paymentDatetime":null,"discountValue":0,"subTotal":30000,"total":30000,"note":"","createdAt":"2026-06-29T15:16:16.246","updatedAt":"2026-06-29T15:16:16.246027"},"items":[{"id":53,"orderId":33,"productId":3,"snapshotName":"Bánh bao xá xíu/trứng sữa","snapshotPrice":15000,"quantity":2,"lineTotal":30000,"createdAt":"2026-06-29T15:16:16.246037","updatedAt":"2026-06-29T15:16:16.246040"}]}	1	2026-06-29T15:16:16.256064
256	ProductRepositoryImpl	createProduct	{"id":null,"categoryId":null,"name":"kem mix vị","imageUrl":"","price":3500,"description":"","createdAt":"2026-06-28T15:59:40.252825","updatedAt":"2026-06-28T15:59:40.252846"}	1	2026-06-28T15:59:40.256179
264	OrderRepositoryImpl	updateStatusOrder	{"id":3,"status":2}	1	2026-06-27T14:28:50.264519
274	OrderRepositoryImpl	createOrderWithItems	{"order":{"id":null,"userId":28,"status":1,"deliveryDatetime":"2026-06-29T07:42:54.676219","paymentDatetime":null,"discountValue":0,"subTotal":15000,"total":15000,"note":"","createdAt":"2026-06-29T07:43:04.269489","updatedAt":"2026-06-29T07:43:04.269516"},"items":[{"id":null,"orderId":31,"productId":3,"snapshotName":"Bánh bao xá xíu/trứng sữa","snapshotPrice":15000,"quantity":1,"lineTotal":15000,"createdAt":"2026-06-29T07:43:04.269525","updatedAt":"2026-06-29T07:43:04.269528"}]}	1	2026-06-29T07:43:04.274168
282	OrderRepositoryImpl	createOrderWithItems	{"order":{"id":null,"userId":36,"status":1,"deliveryDatetime":"2026-06-29T15:15:35.564319","paymentDatetime":null,"discountValue":0,"subTotal":60000,"total":60000,"note":"","createdAt":"2026-06-29T15:16:04.264658","updatedAt":"2026-06-29T15:16:04.264689"},"items":[{"id":null,"orderId":38,"productId":5,"snapshotName":"sữa chua uống","snapshotPrice":15000,"quantity":4,"lineTotal":60000,"createdAt":"2026-06-29T15:16:04.264737","updatedAt":"2026-06-29T15:16:04.264741"}]}	1	2026-06-29T15:16:04.282564
291	OrderRepositoryImpl	updateOrderWithItems	{"order":{"id":45,"userId":42,"status":2,"deliveryDatetime":"2026-06-30T10:41:06.722200","paymentDatetime":null,"discountValue":0,"subTotal":36000,"total":36000,"note":"","createdAt":"2026-06-30T20:06:47.271973","updatedAt":"2026-06-30T20:06:47.272005"},"items":[{"id":69,"orderId":45,"productId":2,"snapshotName":"Bánh bao thịt trứng","snapshotPrice":12000,"quantity":3,"lineTotal":36000,"createdAt":"2026-06-30T20:06:47.272020","updatedAt":"2026-06-30T20:06:47.272035"}]}	1	2026-06-30T20:06:47.291235
294	OrderRepositoryImpl	createOrderWithItems	{"order":{"id":null,"userId":49,"status":1,"deliveryDatetime":"2026-06-30T10:52:27.451199","paymentDatetime":null,"discountValue":0,"subTotal":30000,"total":30000,"note":"","createdAt":"2026-06-30T10:52:40.279874","updatedAt":"2026-06-30T10:52:40.279921"},"items":[{"id":null,"orderId":59,"productId":3,"snapshotName":"Bánh bao xá xíu/trứng sữa","snapshotPrice":15000,"quantity":2,"lineTotal":30000,"createdAt":"2026-06-30T10:52:40.279943","updatedAt":"2026-06-30T10:52:40.279956"}]}	1	2026-06-30T10:52:40.294567
302	ProductRepositoryImpl	createProduct	{"id":null,"categoryId":null,"name":"sữa chua hũ","imageUrl":"","price":6000,"description":"","createdAt":"2026-06-30T10:51:09.296589","updatedAt":"2026-06-30T10:51:09.296634"}	1	2026-06-30T10:51:09.302543
323	OrderRepositoryImpl	createOrderWithItems	{"order":{"id":null,"userId":6,"status":1,"deliveryDatetime":"2026-06-30T10:53:47.875594","paymentDatetime":null,"discountValue":0,"subTotal":30000,"total":30000,"note":"","createdAt":"2026-06-30T10:53:55.314591","updatedAt":"2026-06-30T10:53:55.314617"},"items":[{"id":null,"orderId":61,"productId":3,"snapshotName":"Bánh bao xá xíu/trứng sữa","snapshotPrice":15000,"quantity":2,"lineTotal":30000,"createdAt":"2026-06-30T10:53:55.314625","updatedAt":"2026-06-30T10:53:55.314628"}]}	1	2026-06-30T10:53:55.323414
340	OrderRepositoryImpl	updateOrderWithItems	{"order":{"id":32,"userId":29,"status":2,"deliveryDatetime":"2026-06-29T07:43:29.327550","paymentDatetime":null,"discountValue":0,"subTotal":22000,"total":22000,"note":"","createdAt":"2026-06-29T15:16:20.324453","updatedAt":"2026-06-29T15:16:20.324486"},"items":[{"id":51,"orderId":32,"productId":2,"snapshotName":"Bánh bao thịt trứng","snapshotPrice":12000,"quantity":1,"lineTotal":12000,"createdAt":"2026-06-29T15:16:20.324500","updatedAt":"2026-06-29T15:16:20.324506"},{"id":52,"orderId":32,"productId":6,"snapshotName":"xôi","snapshotPrice":10000,"quantity":1,"lineTotal":10000,"createdAt":"2026-06-29T15:16:20.324512","updatedAt":"2026-06-29T15:16:20.324517"}]}	1	2026-06-29T15:16:20.341071
346	ProductRepositoryImpl	createProduct	{"id":null,"categoryId":null,"name":"sữa đậu","imageUrl":"","price":7000,"description":"","createdAt":"2026-06-28T06:31:53.341422","updatedAt":"2026-06-28T06:31:53.341442"}	1	2026-06-28T06:31:53.346661
359	ProductRepositoryImpl	updateProduct	{"id":7,"categoryId":null,"name":"Kem chuối","imageUrl":"","price":4000,"description":"","createdAt":"2026-06-29T18:06:03.359090","updatedAt":"2026-06-29T18:06:03.359105"}	1	2026-06-29T18:06:03.359163
401	OrderRepositoryImpl	updateOrderWithItems	{"order":{"id":8,"userId":6,"status":2,"deliveryDatetime":"2026-06-28T06:58:20.682663","paymentDatetime":null,"discountValue":0,"subTotal":30000,"total":30000,"note":"","createdAt":"2026-06-29T06:15:02.385867","updatedAt":"2026-06-29T06:15:02.385911"},"items":[{"id":12,"orderId":8,"productId":3,"snapshotName":"Bánh bao xá xíu/trứng sữa","snapshotPrice":15000,"quantity":2,"lineTotal":30000,"createdAt":"2026-06-29T06:15:02.385930","updatedAt":"2026-06-29T06:15:02.385940"}]}	1	2026-06-29T06:15:02.401348
414	OrderRepositoryImpl	createOrderWithItems	{"order":{"id":null,"userId":41,"status":1,"deliveryDatetime":"2026-06-30T06:08:45.783047","paymentDatetime":null,"discountValue":0,"subTotal":20000,"total":20000,"note":"","createdAt":"2026-06-30T06:08:58.397069","updatedAt":"2026-06-30T06:08:58.397099"},"items":[{"id":null,"orderId":44,"productId":6,"snapshotName":"Xôi","snapshotPrice":10000,"quantity":2,"lineTotal":20000,"createdAt":"2026-06-30T06:08:58.397114","updatedAt":"2026-06-30T06:08:58.397120"}]}	1	2026-06-30T06:08:58.414320
416	OrderRepositoryImpl	updateOrderWithItems	{"order":{"id":17,"userId":17,"status":2,"deliveryDatetime":"2026-06-28T00:00:00.000","paymentDatetime":"2026-06-28T00:00:00.000","discountValue":0,"subTotal":22000,"total":22000,"note":"","createdAt":"2026-06-29T08:04:20.411485","updatedAt":"2026-06-29T08:04:20.411508"},"items":[{"id":26,"orderId":17,"productId":4,"snapshotName":"sữa đậu","snapshotPrice":7000,"quantity":1,"lineTotal":7000,"createdAt":"2026-06-29T08:04:20.411522","updatedAt":"2026-06-29T08:04:20.411525"},{"id":27,"orderId":17,"productId":5,"snapshotName":"sữa chua uống","snapshotPrice":15000,"quantity":1,"lineTotal":15000,"createdAt":"2026-06-29T08:04:20.411528","updatedAt":"2026-06-29T08:04:20.411530"}]}	1	2026-06-29T08:04:20.416223
421	OrderRepositoryImpl	createOrderWithItems	{"order":{"id":null,"userId":46,"status":2,"deliveryDatetime":"2026-06-30T10:47:09.647725","paymentDatetime":null,"discountValue":0,"subTotal":7000,"total":7000,"note":"","createdAt":"2026-06-30T10:47:19.413351","updatedAt":"2026-06-30T10:47:19.413373"},"items":[{"id":null,"orderId":54,"productId":4,"snapshotName":"Sữa đậu","snapshotPrice":7000,"quantity":1,"lineTotal":7000,"createdAt":"2026-06-30T10:47:19.413381","updatedAt":"2026-06-30T10:47:19.413384"}]}	1	2026-06-30T10:47:19.421975
429	OrderRepositoryImpl	createOrderWithItems	{"order":{"id":null,"userId":8,"status":1,"deliveryDatetime":"2026-06-28T07:01:01.236551","paymentDatetime":null,"discountValue":0,"subTotal":30000,"total":30000,"note":"","createdAt":"2026-06-28T07:01:15.419787","updatedAt":"2026-06-28T07:01:15.419811"},"items":[{"id":null,"orderId":10,"productId":3,"snapshotName":"Bánh bao xá xíu/trứng sữa","snapshotPrice":15000,"quantity":2,"lineTotal":30000,"createdAt":"2026-06-28T07:01:15.419820","updatedAt":"2026-06-28T07:01:15.419823"}]}	1	2026-06-28T07:01:15.430055
456	OrderRepositoryImpl	createOrderWithItems	{"order":{"id":null,"userId":22,"status":1,"deliveryDatetime":"2026-06-29T06:13:07.067382","paymentDatetime":null,"discountValue":0,"subTotal":34000,"total":34000,"note":"","createdAt":"2026-06-29T06:13:26.447486","updatedAt":"2026-06-29T06:13:26.447550"},"items":[{"id":null,"orderId":23,"productId":6,"snapshotName":"xôi","snapshotPrice":10000,"quantity":2,"lineTotal":20000,"createdAt":"2026-06-29T06:13:26.447560","updatedAt":"2026-06-29T06:13:26.447570"},{"id":null,"orderId":23,"productId":4,"snapshotName":"sữa đậu","snapshotPrice":7000,"quantity":2,"lineTotal":14000,"createdAt":"2026-06-29T06:13:26.447574","updatedAt":"2026-06-29T06:13:26.447576"}]}	1	2026-06-29T06:13:26.456531
457	ProductRepositoryImpl	createProduct	{"id":null,"categoryId":null,"name":"yến chưng 40k","imageUrl":"","price":40000,"description":"","createdAt":"2026-06-29T21:04:40.454276","updatedAt":"2026-06-29T21:04:40.454301"}	1	2026-06-29T21:04:40.457499
470	OrderRepositoryImpl	createOrderWithItems	{"order":{"id":null,"userId":38,"status":2,"deliveryDatetime":"2026-06-29T21:02:29.466767","paymentDatetime":null,"discountValue":0,"subTotal":40000,"total":40000,"note":"","createdAt":"2026-06-29T21:02:53.462426","updatedAt":"2026-06-29T21:02:53.462447"},"items":[{"id":null,"orderId":40,"productId":7,"snapshotName":"Kem chuối","snapshotPrice":4000,"quantity":10,"lineTotal":40000,"createdAt":"2026-06-29T21:02:53.462454","updatedAt":"2026-06-29T21:02:53.462457"}]}	1	2026-06-29T21:02:53.471032
502	OrderRepositoryImpl	createOrderWithItems	{"order":{"id":null,"userId":12,"status":2,"deliveryDatetime":"2026-06-30T10:49:10.456384","paymentDatetime":null,"discountValue":0,"subTotal":39000,"total":39000,"note":"","createdAt":"2026-06-30T10:49:30.477340","updatedAt":"2026-06-30T10:49:30.477386"},"items":[{"id":null,"orderId":57,"productId":2,"snapshotName":"Bánh bao thịt trứng","snapshotPrice":12000,"quantity":2,"lineTotal":24000,"createdAt":"2026-06-30T10:49:30.477406","updatedAt":"2026-06-30T10:49:30.477416"},{"id":null,"orderId":57,"productId":3,"snapshotName":"Bánh bao xá xíu/trứng sữa","snapshotPrice":15000,"quantity":1,"lineTotal":15000,"createdAt":"2026-06-30T10:49:30.477427","updatedAt":"2026-06-30T10:49:30.477436"}]}	1	2026-06-30T10:49:30.502987
520	ProductRepositoryImpl	createProduct	{"id":null,"categoryId":null,"name":"sữa chua uống","imageUrl":"","price":15000,"description":"","createdAt":"2026-06-28T06:32:06.517188","updatedAt":"2026-06-28T06:32:06.517227"}	1	2026-06-28T06:32:06.520897
531	OrderRepositoryImpl	deleteOrder	19	1	2026-06-29T01:40:23.531065
532	OrderRepositoryImpl	createOrderWithItems	{"order":{"id":null,"userId":15,"status":2,"deliveryDatetime":"2026-06-30T10:51:44.114123","paymentDatetime":null,"discountValue":0,"subTotal":15000,"total":15000,"note":"","createdAt":"2026-06-30T10:51:55.516364","updatedAt":"2026-06-30T10:51:55.516395"},"items":[{"id":null,"orderId":58,"productId":3,"snapshotName":"Bánh bao xá xíu/trứng sữa","snapshotPrice":15000,"quantity":1,"lineTotal":15000,"createdAt":"2026-06-30T10:51:55.516408","updatedAt":"2026-06-30T10:51:55.516414"}]}	1	2026-06-30T10:51:55.532516
541	OrderItemRepositoryImpl	deleteOrderItem	29	1	2026-06-29T01:40:23.541938
555	OrderRepositoryImpl	updateOrderWithItems	{"order":{"id":15,"userId":15,"status":1,"deliveryDatetime":"2026-06-28T00:00:00.000","paymentDatetime":null,"discountValue":0,"subTotal":30000,"total":30000,"note":"","createdAt":"2026-06-29T19:54:04.550520","updatedAt":"2026-06-29T19:54:04.550541"},"items":[{"id":24,"orderId":15,"productId":3,"snapshotName":"Bánh bao xá xíu/trứng sữa","snapshotPrice":15000,"quantity":2,"lineTotal":30000,"createdAt":"2026-06-29T19:54:04.550551","updatedAt":"2026-06-29T19:54:04.550553"}]}	1	2026-06-29T19:54:04.555544
560	OrderRepositoryImpl	updateOrderWithItems	{"order":{"id":44,"userId":41,"status":2,"deliveryDatetime":"2026-06-30T06:08:45.783047","paymentDatetime":null,"discountValue":0,"subTotal":20000,"total":20000,"note":"","createdAt":"2026-06-30T10:54:41.551371","updatedAt":"2026-06-30T10:54:41.551394"},"items":[{"id":68,"orderId":44,"productId":6,"snapshotName":"Xôi","snapshotPrice":10000,"quantity":2,"lineTotal":20000,"createdAt":"2026-06-30T10:54:41.551402","updatedAt":"2026-06-30T10:54:41.551406"}]}	1	2026-06-30T10:54:41.561084
564	OrderRepositoryImpl	updateOrderWithItems	{"order":{"id":13,"userId":12,"status":2,"deliveryDatetime":"2026-06-28T07:56:21.559774","paymentDatetime":null,"discountValue":0,"subTotal":25000,"total":25000,"note":"","createdAt":"2026-06-29T06:15:43.532230","updatedAt":"2026-06-29T06:15:43.532260"},"items":[{"id":20,"orderId":13,"productId":3,"snapshotName":"Bánh bao xá xíu/trứng sữa","snapshotPrice":15000,"quantity":1,"lineTotal":15000,"createdAt":"2026-06-29T06:15:43.532269","updatedAt":"2026-06-29T06:15:43.532272"},{"id":21,"orderId":13,"productId":6,"snapshotName":"xôi","snapshotPrice":10000,"quantity":1,"lineTotal":10000,"createdAt":"2026-06-29T06:15:43.532274","updatedAt":"2026-06-29T06:15:43.532277"}]}	1	2026-06-29T06:15:43.565123
573	OrderRepositoryImpl	updateOrderWithItems	{"order":{"id":8,"userId":6,"status":1,"deliveryDatetime":"2026-06-28T06:58:20.682663","paymentDatetime":null,"discountValue":0,"subTotal":30000,"total":30000,"note":"","createdAt":"2026-06-29T01:19:24.553815","updatedAt":"2026-06-29T01:19:24.553848"},"items":[{"id":12,"orderId":8,"productId":3,"snapshotName":"Bánh bao xá xíu/trứng sữa","snapshotPrice":15000,"quantity":2,"lineTotal":30000,"createdAt":"2026-06-29T01:19:24.553887","updatedAt":"2026-06-29T01:19:24.553893"}]}	1	2026-06-29T01:19:24.574136
586	ProductRepositoryImpl	updateProduct	{"id":9,"categoryId":null,"name":"Kem zaua","imageUrl":"","price":3000,"description":"","createdAt":"2026-06-29T18:06:19.586578","updatedAt":"2026-06-29T18:06:19.586596"}	1	2026-06-29T18:06:19.586664
591	OrderRepositoryImpl	updateOrderWithItems	{"order":{"id":10,"userId":8,"status":2,"deliveryDatetime":"2026-06-28T07:01:01.236551","paymentDatetime":null,"discountValue":0,"subTotal":30000,"total":30000,"note":"","createdAt":"2026-06-29T09:20:53.582818","updatedAt":"2026-06-29T09:20:53.582848"},"items":[{"id":15,"orderId":10,"productId":3,"snapshotName":"Bánh bao xá xíu/trứng sữa","snapshotPrice":15000,"quantity":2,"lineTotal":30000,"createdAt":"2026-06-29T09:20:53.582857","updatedAt":"2026-06-29T09:20:53.582860"}]}	1	2026-06-29T09:20:53.591737
603	OrderRepositoryImpl	updateOrderWithItems	{"order":{"id":27,"userId":24,"status":2,"deliveryDatetime":"2026-06-29T07:31:22.506069","paymentDatetime":null,"discountValue":0,"subTotal":19000,"total":19000,"note":"","createdAt":"2026-06-29T19:49:40.594111","updatedAt":"2026-06-29T19:49:40.594135"},"items":[{"id":44,"orderId":27,"productId":2,"snapshotName":"Bánh bao thịt trứng","snapshotPrice":12000,"quantity":1,"lineTotal":12000,"createdAt":"2026-06-29T19:49:40.594144","updatedAt":"2026-06-29T19:49:40.594147"},{"id":45,"orderId":27,"productId":4,"snapshotName":"Sữa đậu","snapshotPrice":7000,"quantity":1,"lineTotal":7000,"createdAt":"2026-06-29T19:49:40.594150","updatedAt":"2026-06-29T19:49:40.594153"}]}	1	2026-06-29T19:49:40.603414
606	OrderRepositoryImpl	createOrderWithItems	{"order":{"id":null,"userId":39,"status":1,"deliveryDatetime":"2026-06-29T21:04:46.717791","paymentDatetime":null,"discountValue":0,"subTotal":160000,"total":160000,"note":"","createdAt":"2026-06-29T21:04:59.595102","updatedAt":"2026-06-29T21:04:59.595122"},"items":[{"id":null,"orderId":41,"productId":10,"snapshotName":"yến chưng 40k","snapshotPrice":40000,"quantity":4,"lineTotal":160000,"createdAt":"2026-06-29T21:04:59.595131","updatedAt":"2026-06-29T21:04:59.595138"}]}	1	2026-06-29T21:04:59.607116
610	OrderRepositoryImpl	createOrderWithItems	{"order":{"id":null,"userId":19,"status":1,"deliveryDatetime":"2026-06-30T20:00:02.792164","paymentDatetime":null,"discountValue":0,"subTotal":136000,"total":136000,"note":"","createdAt":"2026-06-30T20:01:26.567602","updatedAt":"2026-06-30T20:01:26.567631"},"items":[{"id":null,"orderId":62,"productId":7,"snapshotName":"Kem chuối","snapshotPrice":4000,"quantity":19,"lineTotal":76000,"createdAt":"2026-06-30T20:01:26.567679","updatedAt":"2026-06-30T20:01:26.567682"},{"id":null,"orderId":62,"productId":9,"snapshotName":"Kem zaua","snapshotPrice":3000,"quantity":20,"lineTotal":60000,"createdAt":"2026-06-30T20:01:26.567685","updatedAt":"2026-06-30T20:01:26.567688"}]}	1	2026-06-30T20:01:26.610997
616	OrderRepositoryImpl	updateOrderWithItems	{"order":{"id":26,"userId":5,"status":2,"deliveryDatetime":"2026-06-29T07:19:29.192788","paymentDatetime":null,"discountValue":0,"subTotal":48000,"total":48000,"note":"","createdAt":"2026-06-29T07:30:35.604679","updatedAt":"2026-06-29T07:30:35.604705"},"items":[{"id":41,"orderId":26,"productId":3,"snapshotName":"Bánh bao xá xíu/trứng sữa","snapshotPrice":15000,"quantity":1,"lineTotal":15000,"createdAt":"2026-06-29T07:30:35.604721","updatedAt":"2026-06-29T07:30:35.604769"},{"id":42,"orderId":26,"productId":2,"snapshotName":"Bánh bao thịt trứng","snapshotPrice":12000,"quantity":1,"lineTotal":12000,"createdAt":"2026-06-29T07:30:35.604775","updatedAt":"2026-06-29T07:30:35.604778"},{"id":43,"orderId":26,"productId":4,"snapshotName":"sữa đậu","snapshotPrice":7000,"quantity":3,"lineTotal":21000,"createdAt":"2026-06-29T07:30:35.604780","updatedAt":"2026-06-29T07:30:35.604783"}]}	1	2026-06-29T07:30:35.617077
626	ProductRepositoryImpl	updateProduct	{"id":3,"categoryId":1,"name":"Bánh bao xá xíu/trứng sữa","imageUrl":"","price":15000,"description":"","createdAt":"2026-06-28T06:31:36.626786","updatedAt":"2026-06-28T06:31:36.626798"}	1	2026-06-28T06:31:36.626832
643	OrderRepositoryImpl	createOrderWithItems	{"order":{"id":null,"userId":29,"status":1,"deliveryDatetime":"2026-06-29T07:43:29.327550","paymentDatetime":null,"discountValue":0,"subTotal":22000,"total":22000,"note":"","createdAt":"2026-06-29T07:43:43.627186","updatedAt":"2026-06-29T07:43:43.627207"},"items":[{"id":null,"orderId":32,"productId":2,"snapshotName":"Bánh bao thịt trứng","snapshotPrice":12000,"quantity":1,"lineTotal":12000,"createdAt":"2026-06-29T07:43:43.627215","updatedAt":"2026-06-29T07:43:43.627218"},{"id":null,"orderId":32,"productId":6,"snapshotName":"xôi","snapshotPrice":10000,"quantity":1,"lineTotal":10000,"createdAt":"2026-06-29T07:43:43.627221","updatedAt":"2026-06-29T07:43:43.627223"}]}	1	2026-06-29T07:43:43.643115
651	OrderRepositoryImpl	createOrderWithItems	{"order":{"id":null,"userId":37,"status":1,"deliveryDatetime":"2026-06-29T18:26:40.876087","paymentDatetime":null,"discountValue":0,"subTotal":30000,"total":30000,"note":"","createdAt":"2026-06-29T18:27:05.642699","updatedAt":"2026-06-29T18:27:05.642719"},"items":[{"id":null,"orderId":39,"productId":9,"snapshotName":"Kem zaua","snapshotPrice":3000,"quantity":10,"lineTotal":30000,"createdAt":"2026-06-29T18:27:05.642752","updatedAt":"2026-06-29T18:27:05.642755"}]}	1	2026-06-29T18:27:05.651298
659	ProductRepositoryImpl	updateProduct	{"id":6,"categoryId":null,"name":"Xôi","imageUrl":"","price":10000,"description":"","createdAt":"2026-06-29T18:02:36.659151","updatedAt":"2026-06-29T18:02:36.659172"}	1	2026-06-29T18:02:36.659226
663	ProductRepositoryImpl	createProduct	{"id":null,"categoryId":2,"name":"sữa chua hũ","imageUrl":"","price":6000,"description":"","createdAt":"2026-06-30T10:50:08.656553","updatedAt":"2026-06-30T10:50:08.656571"}	1	2026-06-30T10:50:08.663734
665	OrderRepositoryImpl	updateOrderWithItems	{"order":{"id":39,"userId":37,"status":2,"deliveryDatetime":"2026-06-29T18:26:40.876087","paymentDatetime":null,"discountValue":0,"subTotal":30000,"total":30000,"note":"","createdAt":"2026-06-29T19:49:19.648134","updatedAt":"2026-06-29T19:49:19.648197"},"items":[{"id":60,"orderId":39,"productId":9,"snapshotName":"Kem zaua","snapshotPrice":3000,"quantity":10,"lineTotal":30000,"createdAt":"2026-06-29T19:49:19.648211","updatedAt":"2026-06-29T19:49:19.648214"}]}	1	2026-06-29T19:49:19.665336
679	OrderRepositoryImpl	createOrderWithItems	{"order":{"id":null,"userId":11,"status":2,"deliveryDatetime":"2026-06-28T07:55:32.507239","paymentDatetime":null,"discountValue":0,"subTotal":22000,"total":22000,"note":"","createdAt":"2026-06-28T07:55:48.671265","updatedAt":"2026-06-28T07:55:48.671290"},"items":[{"id":null,"orderId":12,"productId":3,"snapshotName":"Bánh bao xá xíu/trứng sữa","snapshotPrice":15000,"quantity":1,"lineTotal":15000,"createdAt":"2026-06-28T07:55:48.671310","updatedAt":"2026-06-28T07:55:48.671316"},{"id":null,"orderId":12,"productId":4,"snapshotName":"sữa đậu","snapshotPrice":7000,"quantity":1,"lineTotal":7000,"createdAt":"2026-06-28T07:55:48.671323","updatedAt":"2026-06-28T07:55:48.671328"}]}	1	2026-06-28T07:55:48.680006
687	OrderRepositoryImpl	createOrderWithItems	{"order":{"id":null,"userId":34,"status":1,"deliveryDatetime":"2026-06-29T08:47:37.975586","paymentDatetime":null,"discountValue":0,"subTotal":7000,"total":7000,"note":"","createdAt":"2026-06-29T08:47:48.678988","updatedAt":"2026-06-29T08:47:48.679012"},"items":[{"id":null,"orderId":36,"productId":4,"snapshotName":"sữa đậu","snapshotPrice":7000,"quantity":1,"lineTotal":7000,"createdAt":"2026-06-29T08:47:48.679024","updatedAt":"2026-06-29T08:47:48.679028"}]}	1	2026-06-29T08:47:48.687918
690	OrderRepositoryImpl	createOrderWithItems	{"order":{"id":null,"userId":32,"status":1,"deliveryDatetime":"2026-06-29T07:54:25.303757","paymentDatetime":null,"discountValue":0,"subTotal":24000,"total":24000,"note":"","createdAt":"2026-06-29T07:54:36.682543","updatedAt":"2026-06-29T07:54:36.682569"},"items":[{"id":null,"orderId":34,"productId":2,"snapshotName":"Bánh bao thịt trứng","snapshotPrice":12000,"quantity":2,"lineTotal":24000,"createdAt":"2026-06-29T07:54:36.682578","updatedAt":"2026-06-29T07:54:36.682581"}]}	1	2026-06-29T07:54:36.690724
692	OrderRepositoryImpl	updateOrderWithItems	{"order":{"id":7,"userId":5,"status":2,"deliveryDatetime":"2026-06-28T06:57:05.453619","paymentDatetime":null,"discountValue":0,"subTotal":46000,"total":46000,"note":"","createdAt":"2026-06-28T07:07:05.683593","updatedAt":"2026-06-28T07:07:05.683612"},"items":[{"id":9,"orderId":7,"productId":3,"snapshotName":"Bánh bao xá xíu/trứng sữa","snapshotPrice":15000,"quantity":1,"lineTotal":15000,"createdAt":"2026-06-28T07:07:05.683620","updatedAt":"2026-06-28T07:07:05.683623"},{"id":10,"orderId":7,"productId":6,"snapshotName":"xôi","snapshotPrice":10000,"quantity":1,"lineTotal":10000,"createdAt":"2026-06-28T07:07:05.683626","updatedAt":"2026-06-28T07:07:05.683629"},{"id":11,"orderId":7,"productId":4,"snapshotName":"sữa đậu","snapshotPrice":7000,"quantity":3,"lineTotal":21000,"createdAt":"2026-06-28T07:07:05.683636","updatedAt":"2026-06-28T07:07:05.683639"}]}	1	2026-06-28T07:07:05.692976
715	OrderRepositoryImpl	createOrderWithItems	{"order":{"id":null,"userId":45,"status":2,"deliveryDatetime":"2026-06-30T10:46:22.963732","paymentDatetime":null,"discountValue":0,"subTotal":12000,"total":12000,"note":"","createdAt":"2026-06-30T10:46:37.709277","updatedAt":"2026-06-30T10:46:37.709305"},"items":[{"id":null,"orderId":53,"productId":2,"snapshotName":"Bánh bao thịt trứng","snapshotPrice":12000,"quantity":1,"lineTotal":12000,"createdAt":"2026-06-30T10:46:37.709314","updatedAt":"2026-06-30T10:46:37.709317"}]}	1	2026-06-30T10:46:37.715885
723	OrderRepositoryImpl	createOrderWithItems	{"order":{"id":null,"userId":21,"status":2,"deliveryDatetime":"2026-06-29T01:41:28.722121","paymentDatetime":null,"discountValue":0,"subTotal":44000,"total":44000,"note":"","createdAt":"2026-06-29T01:41:54.701750","updatedAt":"2026-06-29T01:41:54.701797"},"items":[{"id":null,"orderId":21,"productId":3,"snapshotName":"Bánh bao xá xíu/trứng sữa","snapshotPrice":15000,"quantity":2,"lineTotal":30000,"createdAt":"2026-06-29T01:41:54.701820","updatedAt":"2026-06-29T01:41:54.701832"},{"id":null,"orderId":21,"productId":4,"snapshotName":"sữa đậu","snapshotPrice":7000,"quantity":2,"lineTotal":14000,"createdAt":"2026-06-29T01:41:54.701844","updatedAt":"2026-06-29T01:41:54.701856"}]}	1	2026-06-29T01:41:54.723909
727	ProductRepositoryImpl	createProduct	{"id":null,"categoryId":null,"name":"kem chuối","imageUrl":"","price":4000,"description":"","createdAt":"2026-06-28T15:58:47.722578","updatedAt":"2026-06-28T15:58:47.722623"}	1	2026-06-28T15:58:47.727673
741	OrderRepositoryImpl	createOrderWithItems	{"order":{"id":null,"userId":5,"status":2,"deliveryDatetime":"2026-06-30T10:41:23.883429","paymentDatetime":null,"discountValue":0,"subTotal":73000,"total":73000,"note":"","createdAt":"2026-06-30T10:41:51.723003","updatedAt":"2026-06-30T10:41:51.723024"},"items":[{"id":null,"orderId":46,"productId":6,"snapshotName":"Xôi","snapshotPrice":10000,"quantity":3,"lineTotal":30000,"createdAt":"2026-06-30T10:41:51.723032","updatedAt":"2026-06-30T10:41:51.723035"},{"id":null,"orderId":46,"productId":3,"snapshotName":"Bánh bao xá xíu/trứng sữa","snapshotPrice":15000,"quantity":1,"lineTotal":15000,"createdAt":"2026-06-30T10:41:51.723038","updatedAt":"2026-06-30T10:41:51.723041"},{"id":null,"orderId":46,"productId":4,"snapshotName":"Sữa đậu","snapshotPrice":7000,"quantity":4,"lineTotal":28000,"createdAt":"2026-06-30T10:41:51.723043","updatedAt":"2026-06-30T10:41:51.723050"}]}	1	2026-06-30T10:41:51.741328
744	OrderRepositoryImpl	createOrderWithItems	{"order":{"id":null,"userId":27,"status":1,"deliveryDatetime":"2026-06-29T07:41:31.344316","paymentDatetime":null,"discountValue":0,"subTotal":30000,"total":30000,"note":"","createdAt":"2026-06-29T07:41:46.734053","updatedAt":"2026-06-29T07:41:46.734074"},"items":[{"id":null,"orderId":30,"productId":5,"snapshotName":"sữa chua uống","snapshotPrice":15000,"quantity":2,"lineTotal":30000,"createdAt":"2026-06-29T07:41:46.734081","updatedAt":"2026-06-29T07:41:46.734085"}]}	1	2026-06-29T07:41:46.744269
764	OrderRepositoryImpl	updateOrderWithItems	{"order":{"id":44,"userId":41,"status":1,"deliveryDatetime":"2026-06-30T06:08:45.783047","paymentDatetime":null,"discountValue":0,"subTotal":20000,"total":20000,"note":"","createdAt":"2026-06-30T10:54:36.748399","updatedAt":"2026-06-30T10:54:36.748446"},"items":[{"id":68,"orderId":44,"productId":6,"snapshotName":"Xôi","snapshotPrice":10000,"quantity":2,"lineTotal":20000,"createdAt":"2026-06-30T10:54:36.748468","updatedAt":"2026-06-30T10:54:36.748480"}]}	1	2026-06-30T10:54:36.764825
768	OrderRepositoryImpl	createOrderWithItems	{"order":{"id":null,"userId":20,"status":2,"deliveryDatetime":"2026-06-29T01:39:24.349458","paymentDatetime":null,"discountValue":0,"subTotal":70000,"total":70000,"note":"","createdAt":"2026-06-29T01:39:59.759931","updatedAt":"2026-06-29T01:39:59.759954"},"items":[{"id":null,"orderId":20,"productId":8,"snapshotName":"kem mix vị","snapshotPrice":3500,"quantity":20,"lineTotal":70000,"createdAt":"2026-06-29T01:39:59.759963","updatedAt":"2026-06-29T01:39:59.759965"}]}	1	2026-06-29T01:39:59.768438
770	OrderRepositoryImpl	createOrderWithItems	{"order":{"id":null,"userId":1,"status":1,"deliveryDatetime":"2026-06-29T06:06:19.319403","paymentDatetime":null,"discountValue":0,"subTotal":34000,"total":34000,"note":"","createdAt":"2026-06-29T06:06:43.761352","updatedAt":"2026-06-29T06:06:43.761374"},"items":[{"id":null,"orderId":22,"productId":2,"snapshotName":"Bánh bao thịt trứng","snapshotPrice":12000,"quantity":2,"lineTotal":24000,"createdAt":"2026-06-29T06:06:43.761392","updatedAt":"2026-06-29T06:06:43.761395"},{"id":null,"orderId":22,"productId":6,"snapshotName":"xôi","snapshotPrice":10000,"quantity":1,"lineTotal":10000,"createdAt":"2026-06-29T06:06:43.761398","updatedAt":"2026-06-29T06:06:43.761400"}]}	1	2026-06-29T06:06:43.770449
777	OrderRepositoryImpl	createOrderWithItems	{"order":{"id":null,"userId":2,"status":1,"deliveryDatetime":"2026-06-30T10:41:58.121593","paymentDatetime":null,"discountValue":0,"subTotal":52000,"total":52000,"note":"","createdAt":"2026-06-30T10:42:27.751276","updatedAt":"2026-06-30T10:42:27.751298"},"items":[{"id":null,"orderId":47,"productId":2,"snapshotName":"Bánh bao thịt trứng","snapshotPrice":12000,"quantity":1,"lineTotal":12000,"createdAt":"2026-06-30T10:42:27.751306","updatedAt":"2026-06-30T10:42:27.751309"},{"id":null,"orderId":47,"productId":6,"snapshotName":"Xôi","snapshotPrice":10000,"quantity":1,"lineTotal":10000,"createdAt":"2026-06-30T10:42:27.751311","updatedAt":"2026-06-30T10:42:27.751314"},{"id":null,"orderId":47,"productId":9,"snapshotName":"Kem zaua","snapshotPrice":3000,"quantity":10,"lineTotal":30000,"createdAt":"2026-06-30T10:42:27.751323","updatedAt":"2026-06-30T10:42:27.751325"}]}	1	2026-06-30T10:42:27.777819
782	ProductRepositoryImpl	updateProduct	{"id":8,"categoryId":null,"name":"Kem mix vị","imageUrl":"","price":3500,"description":"","createdAt":"2026-06-29T18:06:11.782200","updatedAt":"2026-06-29T18:06:11.782234"}	1	2026-06-29T18:06:11.782433
790	ProductRepositoryImpl	createProduct	{"id":null,"categoryId":null,"name":"xôi","imageUrl":"","price":10000,"description":"","createdAt":"2026-06-28T06:56:59.784437","updatedAt":"2026-06-28T06:56:59.784457"}	1	2026-06-28T06:56:59.790762
797	OrderRepositoryImpl	createOrderWithItems	{"order":{"id":null,"userId":6,"status":1,"deliveryDatetime":"2026-06-28T06:58:20.682663","paymentDatetime":null,"discountValue":0,"subTotal":30000,"total":30000,"note":"","createdAt":"2026-06-28T06:58:31.783573","updatedAt":"2026-06-28T06:58:31.783620"},"items":[{"id":null,"orderId":8,"productId":3,"snapshotName":"Bánh bao xá xíu/trứng sữa","snapshotPrice":15000,"quantity":2,"lineTotal":30000,"createdAt":"2026-06-28T06:58:31.783643","updatedAt":"2026-06-28T06:58:31.783655"}]}	1	2026-06-28T06:58:31.797840
812	OrderRepositoryImpl	updateOrderWithItems	{"order":{"id":8,"userId":6,"status":2,"deliveryDatetime":"2026-06-28T06:58:20.682663","paymentDatetime":null,"discountValue":0,"subTotal":30000,"total":30000,"note":"","createdAt":"2026-06-28T16:01:28.783819","updatedAt":"2026-06-28T16:01:28.783889"},"items":[{"id":12,"orderId":8,"productId":3,"snapshotName":"Bánh bao xá xíu/trứng sữa","snapshotPrice":15000,"quantity":2,"lineTotal":30000,"createdAt":"2026-06-28T16:01:28.783913","updatedAt":"2026-06-28T16:01:28.783916"}]}	1	2026-06-28T16:01:28.812521
830	OrderRepositoryImpl	createOrderWithItems	{"order":{"id":null,"userId":48,"status":2,"deliveryDatetime":"2026-06-30T10:48:43.759865","paymentDatetime":null,"discountValue":0,"subTotal":19000,"total":19000,"note":"","createdAt":"2026-06-30T10:49:01.821316","updatedAt":"2026-06-30T10:49:01.821335"},"items":[{"id":null,"orderId":56,"productId":2,"snapshotName":"Bánh bao thịt trứng","snapshotPrice":12000,"quantity":1,"lineTotal":12000,"createdAt":"2026-06-30T10:49:01.821352","updatedAt":"2026-06-30T10:49:01.821355"},{"id":null,"orderId":56,"productId":4,"snapshotName":"Sữa đậu","snapshotPrice":7000,"quantity":1,"lineTotal":7000,"createdAt":"2026-06-30T10:49:01.821358","updatedAt":"2026-06-30T10:49:01.821360"}]}	1	2026-06-30T10:49:01.830916
856	OrderRepositoryImpl	createOrderWithItems	{"order":{"id":null,"userId":50,"status":2,"deliveryDatetime":"2026-06-30T10:53:16.342871","paymentDatetime":null,"discountValue":0,"subTotal":90000,"total":90000,"note":"","createdAt":"2026-06-30T10:53:40.846891","updatedAt":"2026-06-30T10:53:40.846915"},"items":[{"id":null,"orderId":60,"productId":1,"snapshotName":"Bánh bao không nhân","snapshotPrice":5000,"quantity":18,"lineTotal":90000,"createdAt":"2026-06-30T10:53:40.846924","updatedAt":"2026-06-30T10:53:40.846926"}]}	1	2026-06-30T10:53:40.856649
858	OrderRepositoryImpl	createOrderWithItems	{"order":{"id":null,"userId":17,"status":2,"deliveryDatetime":"2026-06-29T01:34:03.152146","paymentDatetime":null,"discountValue":0,"subTotal":22000,"total":22000,"note":"","createdAt":"2026-06-29T01:34:22.849344","updatedAt":"2026-06-29T01:34:22.849369"},"items":[{"id":null,"orderId":17,"productId":4,"snapshotName":"sữa đậu","snapshotPrice":7000,"quantity":1,"lineTotal":7000,"createdAt":"2026-06-29T01:34:22.849378","updatedAt":"2026-06-29T01:34:22.849381"},{"id":null,"orderId":17,"productId":5,"snapshotName":"sữa chua uống","snapshotPrice":15000,"quantity":1,"lineTotal":15000,"createdAt":"2026-06-29T01:34:22.849384","updatedAt":"2026-06-29T01:34:22.849387"}]}	1	2026-06-29T01:34:22.859067
863	OrderRepositoryImpl	createOrderWithItems	{"order":{"id":null,"userId":15,"status":1,"deliveryDatetime":"2026-06-29T01:31:34.575829","paymentDatetime":null,"discountValue":0,"subTotal":30000,"total":30000,"note":"","createdAt":"2026-06-29T01:31:51.845951","updatedAt":"2026-06-29T01:31:51.845994"},"items":[{"id":null,"orderId":15,"productId":3,"snapshotName":"Bánh bao xá xíu/trứng sữa","snapshotPrice":15000,"quantity":2,"lineTotal":30000,"createdAt":"2026-06-29T01:31:51.846024","updatedAt":"2026-06-29T01:31:51.846036"}]}	1	2026-06-29T01:31:51.864057
867	OrderRepositoryImpl	createOrderWithItems	{"order":{"id":null,"userId":20,"status":1,"deliveryDatetime":"2026-06-29T01:38:51.944945","paymentDatetime":null,"discountValue":0,"subTotal":70000,"total":70000,"note":"","createdAt":"2026-06-29T01:39:17.858961","updatedAt":"2026-06-29T01:39:17.858989"},"items":[{"id":null,"orderId":19,"productId":8,"snapshotName":"kem mix vị","snapshotPrice":3500,"quantity":20,"lineTotal":70000,"createdAt":"2026-06-29T01:39:17.858998","updatedAt":"2026-06-29T01:39:17.859001"}]}	1	2026-06-29T01:39:17.867252
873	OrderRepositoryImpl	createOrderWithItems	{"order":{"id":null,"userId":24,"status":1,"deliveryDatetime":"2026-06-29T07:31:22.506069","paymentDatetime":null,"discountValue":0,"subTotal":19000,"total":19000,"note":"","createdAt":"2026-06-29T07:31:37.865941","updatedAt":"2026-06-29T07:31:37.865960"},"items":[{"id":null,"orderId":27,"productId":2,"snapshotName":"Bánh bao thịt trứng","snapshotPrice":12000,"quantity":1,"lineTotal":12000,"createdAt":"2026-06-29T07:31:37.865967","updatedAt":"2026-06-29T07:31:37.865970"},{"id":null,"orderId":27,"productId":4,"snapshotName":"sữa đậu","snapshotPrice":7000,"quantity":1,"lineTotal":7000,"createdAt":"2026-06-29T07:31:37.865976","updatedAt":"2026-06-29T07:31:37.865979"}]}	1	2026-06-29T07:31:37.873275
882	OrderRepositoryImpl	createOrderWithItems	{"order":{"id":null,"userId":47,"status":1,"deliveryDatetime":"2026-06-30T10:47:58.401543","paymentDatetime":null,"discountValue":0,"subTotal":22000,"total":22000,"note":"","createdAt":"2026-06-30T10:48:11.873275","updatedAt":"2026-06-30T10:48:11.873300"},"items":[{"id":null,"orderId":55,"productId":3,"snapshotName":"Bánh bao xá xíu/trứng sữa","snapshotPrice":15000,"quantity":1,"lineTotal":15000,"createdAt":"2026-06-30T10:48:11.873310","updatedAt":"2026-06-30T10:48:11.873313"},{"id":null,"orderId":55,"productId":4,"snapshotName":"Sữa đậu","snapshotPrice":7000,"quantity":1,"lineTotal":7000,"createdAt":"2026-06-30T10:48:11.873315","updatedAt":"2026-06-30T10:48:11.873318"}]}	1	2026-06-30T10:48:11.883075
895	OrderRepositoryImpl	createOrderWithItems	{"order":{"id":null,"userId":3,"status":1,"deliveryDatetime":"2026-06-30T10:45:47.879188","paymentDatetime":null,"discountValue":0,"subTotal":12000,"total":12000,"note":"","createdAt":"2026-06-30T10:45:57.886475","updatedAt":"2026-06-30T10:45:57.886493"},"items":[{"id":null,"orderId":52,"productId":2,"snapshotName":"Bánh bao thịt trứng","snapshotPrice":12000,"quantity":1,"lineTotal":12000,"createdAt":"2026-06-30T10:45:57.886501","updatedAt":"2026-06-30T10:45:57.886504"}]}	1	2026-06-30T10:45:57.895460
900	OrderRepositoryImpl	updateOrderWithItems	{"order":{"id":16,"userId":16,"status":1,"deliveryDatetime":"2026-06-28T00:00:00.000","paymentDatetime":null,"discountValue":0,"subTotal":30000,"total":30000,"note":"","createdAt":"2026-06-29T19:53:33.891779","updatedAt":"2026-06-29T19:53:33.891808"},"items":[{"id":25,"orderId":16,"productId":3,"snapshotName":"Bánh bao xá xíu/trứng sữa","snapshotPrice":15000,"quantity":2,"lineTotal":30000,"createdAt":"2026-06-29T19:53:33.891819","updatedAt":"2026-06-29T19:53:33.891821"}]}	1	2026-06-29T19:53:33.900626
915	OrderRepositoryImpl	createOrderWithItems	{"order":{"id":null,"userId":3,"status":1,"deliveryDatetime":"2026-06-28T06:32:16.826464","paymentDatetime":null,"discountValue":0,"subTotal":30000,"total":30000,"note":"","createdAt":"2026-06-28T06:32:32.891853","updatedAt":"2026-06-28T06:32:32.891894"},"items":[{"id":null,"orderId":5,"productId":3,"snapshotName":"Bánh bao xá xíu/trứng sữa","snapshotPrice":15000,"quantity":2,"lineTotal":30000,"createdAt":"2026-06-28T06:32:32.891991","updatedAt":"2026-06-28T06:32:32.892006"}]}	1	2026-06-28T06:32:32.915941
959	OrderRepositoryImpl	updateOrderWithItems	{"order":{"id":9,"userId":7,"status":1,"deliveryDatetime":"2026-06-28T06:59:10.246352","paymentDatetime":null,"discountValue":0,"subTotal":22000,"total":22000,"note":"","createdAt":"2026-06-28T07:06:56.949978","updatedAt":"2026-06-28T07:06:56.950002"},"items":[{"id":13,"orderId":9,"productId":3,"snapshotName":"Bánh bao xá xíu/trứng sữa","snapshotPrice":15000,"quantity":1,"lineTotal":15000,"createdAt":"2026-06-28T07:06:56.950012","updatedAt":"2026-06-28T07:06:56.950016"},{"id":14,"orderId":9,"productId":4,"snapshotName":"sữa đậu","snapshotPrice":7000,"quantity":1,"lineTotal":7000,"createdAt":"2026-06-28T07:06:56.950023","updatedAt":"2026-06-28T07:06:56.950026"}]}	1	2026-06-28T07:06:56.959131
961	OrderRepositoryImpl	createOrderWithItems	{"order":{"id":null,"userId":4,"status":1,"deliveryDatetime":"2026-06-28T06:33:06.562153","paymentDatetime":null,"discountValue":0,"subTotal":22000,"total":22000,"note":"","createdAt":"2026-06-28T06:33:24.951833","updatedAt":"2026-06-28T06:33:24.951857"},"items":[{"id":null,"orderId":6,"productId":3,"snapshotName":"Bánh bao xá xíu/trứng sữa","snapshotPrice":15000,"quantity":1,"lineTotal":15000,"createdAt":"2026-06-28T06:33:24.951867","updatedAt":"2026-06-28T06:33:24.951870"},{"id":null,"orderId":6,"productId":4,"snapshotName":"sữa đậu","snapshotPrice":7000,"quantity":1,"lineTotal":7000,"createdAt":"2026-06-28T06:33:24.951873","updatedAt":"2026-06-28T06:33:24.951875"}]}	1	2026-06-28T06:33:24.961611
965	OrderRepositoryImpl	createOrderWithItems	{"order":{"id":null,"userId":33,"status":1,"deliveryDatetime":"2026-06-29T07:58:13.650304","paymentDatetime":null,"discountValue":0,"subTotal":72000,"total":72000,"note":"","createdAt":"2026-06-29T07:58:27.956134","updatedAt":"2026-06-29T07:58:27.956154"},"items":[{"id":null,"orderId":35,"productId":3,"snapshotName":"Bánh bao xá xíu/trứng sữa","snapshotPrice":15000,"quantity":4,"lineTotal":60000,"createdAt":"2026-06-29T07:58:27.956162","updatedAt":"2026-06-29T07:58:27.956165"},{"id":null,"orderId":35,"productId":2,"snapshotName":"Bánh bao thịt trứng","snapshotPrice":12000,"quantity":1,"lineTotal":12000,"createdAt":"2026-06-29T07:58:27.956168","updatedAt":"2026-06-29T07:58:27.956171"}]}	1	2026-06-29T07:58:27.965413
969	OrderRepositoryImpl	updateOrderWithItems	{"order":{"id":21,"userId":21,"status":2,"deliveryDatetime":"2026-06-28T00:00:00.000","paymentDatetime":"2026-06-28T00:00:00.000","discountValue":0,"subTotal":44000,"total":44000,"note":"","createdAt":"2026-06-29T08:04:03.948109","updatedAt":"2026-06-29T08:04:03.948152"},"items":[{"id":31,"orderId":21,"productId":3,"snapshotName":"Bánh bao xá xíu/trứng sữa","snapshotPrice":15000,"quantity":2,"lineTotal":30000,"createdAt":"2026-06-29T08:04:03.948172","updatedAt":"2026-06-29T08:04:03.948182"},{"id":32,"orderId":21,"productId":4,"snapshotName":"sữa đậu","snapshotPrice":7000,"quantity":2,"lineTotal":14000,"createdAt":"2026-06-29T08:04:03.948193","updatedAt":"2026-06-29T08:04:03.948211"}]}	1	2026-06-29T08:04:03.969633
996	ProductRepositoryImpl	updateProduct	{"id":5,"categoryId":null,"name":"Sữa chua uống","imageUrl":"","price":15000,"description":"","createdAt":"2026-06-29T18:05:56.996601","updatedAt":"2026-06-29T18:05:56.996622"}	1	2026-06-29T18:05:56.996709
1782603041124	UserRepositoryImpl	updateUser	{"id":3,"name":"1408","address":"Tòa nhà w2","phone":"","note":null,"createdAt":"2026-06-28T06:30:41.124210","updatedAt":"2026-06-28T06:30:41.124232"}	0	2026-06-28T06:30:41.124258
1782603170178	UserRepositoryImpl	createUser	{"id":4,"name":"w3 thaoho","address":"w3","phone":"","note":"","createdAt":"2026-06-28T06:32:50.178043","updatedAt":"2026-06-28T06:32:50.178098"}	0	2026-06-28T06:32:50.178146
1782604555770	UserRepositoryImpl	createUser	{"id":5,"name":"ngọc nam w3","address":"w3","phone":"","note":"","createdAt":"2026-06-28T06:55:55.770680","updatedAt":"2026-06-28T06:55:55.770705"}	0	2026-06-28T06:55:55.770739
1782604694206	UserRepositoryImpl	createUser	{"id":6,"name":"611 Huyền","address":"611","phone":"","note":"","createdAt":"2026-06-28T06:58:14.206013","updatedAt":"2026-06-28T06:58:14.206241"}	0	2026-06-28T06:58:14.206380
1782604728113	UserRepositoryImpl	createUser	{"id":7,"name":"407","address":"","phone":"","note":"","createdAt":"2026-06-28T06:58:48.113622","updatedAt":"2026-06-28T06:58:48.113651"}	0	2026-06-28T06:58:48.113696
1782604854464	UserRepositoryImpl	createUser	{"id":8,"name":"812 quỳnh Như","address":"","phone":"","note":"","createdAt":"2026-06-28T07:00:54.464139","updatedAt":"2026-06-28T07:00:54.464165"}	0	2026-06-28T07:00:54.464200
1782604973824	UserRepositoryImpl	createUser	{"id":9,"name":"302 Tường Vy","address":"","phone":"","note":"","createdAt":"2026-06-28T07:02:53.824082","updatedAt":"2026-06-28T07:02:53.824107"}	0	2026-06-28T07:02:53.824143
1782605297592	UserRepositoryImpl	createUser	{"id":10,"name":"601 cẩm nhung","address":"","phone":"","note":"","createdAt":"2026-06-28T07:08:17.592849","updatedAt":"2026-06-28T07:08:17.592875"}	0	2026-06-28T07:08:17.592951
1782608118962	UserRepositoryImpl	createUser	{"id":11,"name":"611 minh anh","address":"","phone":"","note":"","createdAt":"2026-06-28T07:55:18.962365","updatedAt":"2026-06-28T07:55:18.962390"}	0	2026-06-28T07:55:18.962435
1782608177661	UserRepositoryImpl	createUser	{"id":12,"name":"307 Trâm Phùng","address":"","phone":"","note":"","createdAt":"2026-06-28T07:56:17.661335","updatedAt":"2026-06-28T07:56:17.661359"}	0	2026-06-28T07:56:17.661390
1782608230720	UserRepositoryImpl	createUser	{"id":13,"name":"1507 hường nguyễn","address":"","phone":"","note":"","createdAt":"2026-06-28T07:57:10.720025","updatedAt":"2026-06-28T07:57:10.720079"}	0	2026-06-28T07:57:10.720146
1782637108971	UserRepositoryImpl	createUser	{"id":14,"name":"w3 Nhii","address":"","phone":"","note":"","createdAt":"2026-06-28T15:58:28.971111","updatedAt":"2026-06-28T15:58:28.971131"}	0	2026-06-28T15:58:28.971188
1782671451793	UserRepositoryImpl	createUser	{"id":15,"name":"w3 Ngọc","address":"","phone":"","note":"","createdAt":"2026-06-29T01:30:51.793843","updatedAt":"2026-06-29T01:30:51.793869"}	0	2026-06-29T01:30:51.793924
1782671584155	UserRepositoryImpl	createUser	{"id":16,"name":"301 Nu","address":"","phone":"","note":"","createdAt":"2026-06-29T01:33:04.155055","updatedAt":"2026-06-29T01:33:04.155091"}	0	2026-06-29T01:33:04.155168
1782671636522	UserRepositoryImpl	createUser	{"id":17,"name":"1501 thanh thúy","address":"","phone":"","note":"","createdAt":"2026-06-29T01:33:56.522264","updatedAt":"2026-06-29T01:33:56.522289"}	0	2026-06-29T01:33:56.522320
1782671736011	UserRepositoryImpl	createUser	{"id":18,"name":"w 3 Thanh Thảo","address":"","phone":"","note":"","createdAt":"2026-06-29T01:35:36.011846","updatedAt":"2026-06-29T01:35:36.011876"}	0	2026-06-29T01:35:36.011923
1782671811226	UserRepositoryImpl	createUser	{"id":19,"name":"601 cẩm nhung","address":"","phone":"","note":"","createdAt":"2026-06-29T01:36:51.226137","updatedAt":"2026-06-29T01:36:51.226162"}	0	2026-06-29T01:36:51.226213
1782671879556	UserRepositoryImpl	updateUser	{"id":19,"name":"anh Công","address":"","phone":"","note":"","createdAt":"2026-06-29T01:37:59.556485","updatedAt":"2026-06-29T01:37:59.556510"}	0	2026-06-29T01:37:59.556548
1782671917919	UserRepositoryImpl	createUser	{"id":20,"name":"w3 Tường Vi","address":"","phone":"","note":"","createdAt":"2026-06-29T01:38:37.919535","updatedAt":"2026-06-29T01:38:37.919562"}	0	2026-06-29T01:38:37.919595
1782672071113	UserRepositoryImpl	createUser	{"id":21,"name":"12a01 Thiên Kỉm","address":"","phone":"","note":"","createdAt":"2026-06-29T01:41:11.113986","updatedAt":"2026-06-29T01:41:11.114036"}	0	2026-06-29T01:41:11.114088
1782687907039	UserRepositoryImpl	updateUser	{"id":1,"name":"W2 907 Chị Huyền","address":"Tòa nhà W2","phone":"","note":null,"createdAt":"2026-06-29T06:05:07.039722","updatedAt":"2026-06-29T06:05:07.039746"}	0	2026-06-29T06:05:07.039775
1782688374749	UserRepositoryImpl	createUser	{"id":22,"name":"1407 Kim Chi","address":"","phone":"","note":"","createdAt":"2026-06-29T06:12:54.749604","updatedAt":"2026-06-29T06:12:54.749628"}	0	2026-06-29T06:12:54.749677
1782689304679	UserRepositoryImpl	createUser	{"id":23,"name":"608 Hiền","address":"","phone":"","note":"","createdAt":"2026-06-29T06:28:24.679079","updatedAt":"2026-06-29T06:28:24.679128"}	0	2026-06-29T06:28:24.679160
1782693071501	UserRepositoryImpl	createUser	{"id":24,"name":"ông  giáo thuận","address":"","phone":"","note":"","createdAt":"2026-06-29T07:31:11.501991","updatedAt":"2026-06-29T07:31:11.502012"}	0	2026-06-29T07:31:11.502051
1782693114713	UserRepositoryImpl	createUser	{"id":25,"name":"w3 thanh uyên","address":"","phone":"","note":"","createdAt":"2026-06-29T07:31:54.713601","updatedAt":"2026-06-29T07:31:54.713628"}	0	2026-06-29T07:31:54.713660
1782693656095	UserRepositoryImpl	createUser	{"id":26,"name":"Xuân Thanh","address":"","phone":"","note":"","createdAt":"2026-06-29T07:40:56.095974","updatedAt":"2026-06-29T07:40:56.096003"}	0	2026-06-29T07:40:56.096041
1782693669839	UserRepositoryImpl	createUser	{"id":27,"name":"706 My ly ","address":"","phone":"","note":"","createdAt":"2026-06-29T07:41:09.839322","updatedAt":"2026-06-29T07:41:09.839348"}	0	2026-06-29T07:41:09.839400
1782693765295	UserRepositoryImpl	createUser	{"id":28,"name":"anh Tuấn tôn","address":"","phone":"","note":"","createdAt":"2026-06-29T07:42:45.295314","updatedAt":"2026-06-29T07:42:45.295344"}	0	2026-06-29T07:42:45.295376
1782693806150	UserRepositoryImpl	createUser	{"id":29,"name":"w3 Lành Phan","address":"","phone":"","note":"","createdAt":"2026-06-29T07:43:26.150757","updatedAt":"2026-06-29T07:43:26.150782"}	0	2026-06-29T07:43:26.150813
1782693901816	UserRepositoryImpl	createUser	{"id":30,"name":"w3 Mỹ Hạnh","address":"","phone":"","note":"","createdAt":"2026-06-29T07:45:01.816568","updatedAt":"2026-06-29T07:45:01.816601"}	0	2026-06-29T07:45:01.816647
1782694337897	UserRepositoryImpl	createUser	{"id":31,"name":"12a08 Lê Nhi","address":"","phone":"","note":"","createdAt":"2026-06-29T07:52:17.897494","updatedAt":"2026-06-29T07:52:17.897565"}	0	2026-06-29T07:52:17.897609
1782694460568	UserRepositoryImpl	createUser	{"id":32,"name":"12a05","address":"","phone":"","note":"","createdAt":"2026-06-29T07:54:20.568307","updatedAt":"2026-06-29T07:54:20.568341"}	0	2026-06-29T07:54:20.568389
1782694689621	UserRepositoryImpl	createUser	{"id":33,"name":"812a Nguyễn Thùy","address":"","phone":"","note":"","createdAt":"2026-06-29T07:58:09.621403","updatedAt":"2026-06-29T07:58:09.621428"}	0	2026-06-29T07:58:09.621469
1782697654380	UserRepositoryImpl	createUser	{"id":34,"name":"c Zen","address":"","phone":"","note":"","createdAt":"2026-06-29T08:47:34.380298","updatedAt":"2026-06-29T08:47:34.380322"}	0	2026-06-29T08:47:34.380351
1782699175793	UserRepositoryImpl	createUser	{"id":35,"name":"1215","address":"","phone":"","note":"","createdAt":"2026-06-29T09:12:55.793549","updatedAt":"2026-06-29T09:12:55.793571"}	0	2026-06-29T09:12:55.793597
1782699213744	UserRepositoryImpl	updateUser	{"id":35,"name":"1512","address":"","phone":"","note":"","createdAt":"2026-06-29T09:13:33.744685","updatedAt":"2026-06-29T09:13:33.744709"}	0	2026-06-29T09:13:33.744752
1782699456109	UserRepositoryImpl	updateUser	{"id":35,"name":"1512a","address":"","phone":"","note":"","createdAt":"2026-06-29T09:17:36.109864","updatedAt":"2026-06-29T09:17:36.109899"}	0	2026-06-29T09:17:36.109929
1782720931972	UserRepositoryImpl	createUser	{"id":36,"name":"1212 tina","address":"","phone":"","note":"","createdAt":"2026-06-29T15:15:31.972047","updatedAt":"2026-06-29T15:15:31.972073"}	0	2026-06-29T15:15:31.972127
1782731198675	UserRepositoryImpl	updateUser	{"id":18,"name":"w3 Thanh Thảo","address":"","phone":"","note":"","createdAt":"2026-06-29T18:06:38.675480","updatedAt":"2026-06-29T18:06:38.675516"}	0	2026-06-29T18:06:38.675582
1782731231206	UserRepositoryImpl	updateUser	{"id":8,"name":"812 Quỳnh Như","address":"","phone":"","note":"","createdAt":"2026-06-29T18:07:11.206041","updatedAt":"2026-06-29T18:07:11.206069"}	0	2026-06-29T18:07:11.206130
1782731242940	UserRepositoryImpl	updateUser	{"id":10,"name":"601 Cẩm Nhung","address":"","phone":"","note":"","createdAt":"2026-06-29T18:07:22.940286","updatedAt":"2026-06-29T18:07:22.940311"}	0	2026-06-29T18:07:22.940360
1782731259958	UserRepositoryImpl	updateUser	{"id":11,"name":"611 Minh Anh","address":"","phone":"","note":"","createdAt":"2026-06-29T18:07:39.958029","updatedAt":"2026-06-29T18:07:39.958060"}	0	2026-06-29T18:07:39.958117
1782731300227	UserRepositoryImpl	updateUser	{"id":13,"name":"1507 Hường Nguyễn","address":"","phone":"","note":"","createdAt":"2026-06-29T18:08:20.227011","updatedAt":"2026-06-29T18:08:20.227035"}	0	2026-06-29T18:08:20.227082
1782731312198	UserRepositoryImpl	updateUser	{"id":17,"name":"1501 Thanh Thúy","address":"","phone":"","note":"","createdAt":"2026-06-29T18:08:32.198020","updatedAt":"2026-06-29T18:08:32.198077"}	0	2026-06-29T18:08:32.198181
1782731337454	UserRepositoryImpl	updateUser	{"id":25,"name":"w3 Thanh Uyên","address":"","phone":"","note":"","createdAt":"2026-06-29T18:08:57.454205","updatedAt":"2026-06-29T18:08:57.454262"}	0	2026-06-29T18:08:57.454393
1782732396325	UserRepositoryImpl	createUser	{"id":37,"name":"w3 ana Phương","address":"","phone":"","note":"","createdAt":"2026-06-29T18:26:36.325225","updatedAt":"2026-06-29T18:26:36.325250"}	0	2026-06-29T18:26:36.325332
1782741718889	UserRepositoryImpl	createUser	{"id":38,"name":"1101 Thảo","address":"","phone":"","note":"","createdAt":"2026-06-29T21:01:58.889568","updatedAt":"2026-06-29T21:01:58.889593"}	0	2026-06-29T21:01:58.889637
1782741823090	UserRepositoryImpl	createUser	{"id":39,"name":"810 c lợi","address":"","phone":"","note":"","createdAt":"2026-06-29T21:03:43.090999","updatedAt":"2026-06-29T21:03:43.091033"}	0	2026-06-29T21:03:43.091114
1782774456512	UserRepositoryImpl	createUser	{"id":40,"name":"12a10 ","address":"","phone":"","note":"","createdAt":"2026-06-30T06:07:36.512980","updatedAt":"2026-06-30T06:07:36.513009"}	0	2026-06-30T06:07:36.513054
1782774486395	UserRepositoryImpl	updateUser	{"id":40,"name":"12a10  c Diễm Thu","address":"","phone":"","note":"","createdAt":"2026-06-30T06:08:06.395751","updatedAt":"2026-06-30T06:08:06.395786"}	0	2026-06-30T06:08:06.395862
1782774499451	UserRepositoryImpl	createUser	{"id":41,"name":"w3 c Diễm Thi","address":"","phone":"","note":"","createdAt":"2026-06-30T06:08:19.451213","updatedAt":"2026-06-30T06:08:19.451245"}	0	2026-06-30T06:08:19.451323
1782790857973	UserRepositoryImpl	createUser	{"id":42,"name":"w3 - C Cún","address":"","phone":"","note":"","createdAt":"2026-06-30T10:40:57.973472","updatedAt":"2026-06-30T10:40:57.973496"}	0	2026-06-30T10:40:57.973527
1782790991379	UserRepositoryImpl	createUser	{"id":43,"name":"1010- C  Mai Phương","address":"","phone":"","note":"","createdAt":"2026-06-30T10:43:11.379638","updatedAt":"2026-06-30T10:43:11.379687"}	0	2026-06-30T10:43:11.379757
1782791126906	UserRepositoryImpl	createUser	{"id":44,"name":"w3 - Thoa","address":"","phone":"","note":"","createdAt":"2026-06-30T10:45:26.906653","updatedAt":"2026-06-30T10:45:26.906686"}	0	2026-06-30T10:45:26.906733
1782791179622	UserRepositoryImpl	createUser	{"id":45,"name":"1006","address":"","phone":"","note":"","createdAt":"2026-06-30T10:46:19.622033","updatedAt":"2026-06-30T10:46:19.622060"}	0	2026-06-30T10:46:19.622095
1782791226286	UserRepositoryImpl	createUser	{"id":46,"name":"BDS Lan Anh","address":"","phone":"","note":"","createdAt":"2026-06-30T10:47:06.286904","updatedAt":"2026-06-30T10:47:06.286930"}	0	2026-06-30T10:47:06.286965
1782791270169	UserRepositoryImpl	createUser	{"id":47,"name":"Nhung Nhung","address":"","phone":"","note":"","createdAt":"2026-06-30T10:47:50.169642","updatedAt":"2026-06-30T10:47:50.169667"}	0	2026-06-30T10:47:50.169716
1782791319654	UserRepositoryImpl	createUser	{"id":48,"name":"Như quỳnh BDS","address":"","phone":"","note":"","createdAt":"2026-06-30T10:48:39.654118","updatedAt":"2026-06-30T10:48:39.654144"}	0	2026-06-30T10:48:39.654176
1782791542981	UserRepositoryImpl	createUser	{"id":49,"name":"w3 kThuan","address":"","phone":"","note":"","createdAt":"2026-06-30T10:52:22.981744","updatedAt":"2026-06-30T10:52:22.981765"}	0	2026-06-30T10:52:22.981804
1782791592564	UserRepositoryImpl	createUser	{"id":50,"name":"Quỳnh t9","address":"","phone":"","note":"\n\n","createdAt":"2026-06-30T10:53:12.564637","updatedAt":"2026-06-30T10:53:12.564657"}	0	2026-06-30T10:53:12.564688
1782824397905	UserRepositoryImpl	createUser	{"id":51,"name":"1511. anh Tuấn Anh","address":"","phone":"","note":"","createdAt":"2026-06-30T19:59:57.905501","updatedAt":"2026-06-30T19:59:57.905526"}	0	2026-06-30T19:59:57.905557